no,店名,ジャンル,エリア,住所,最寄り駅,アクセス,予算（一人あたり）,予算帯,予算感,コース料理,飲み放題,個室,収容人数（名）,雰囲気,利用シーン,アレルギー対応,喫煙,料理評価,雰囲気評価,サービス評価,総合評価,口コミ数,電話番号,ホームページURL
1,和・ごちそう,イタリアン,浅草,東京都台東区浅草3-24-13 館,浅草駅,浅草駅から徒歩4分,2600,"2,000～3,000円",リーズナブル,コース料理: 全6品（お通し・串焼き・鍋物・鉄板焼き・ご飯・デザート）,あり（2時間）,個室あり（4～8名）,40,おしゃれ・静か,友達と・記念日,一部品目のみ対応可,喫煙席あり,3,3.4,4,3.5,548,03-8862-8415,https://juas-aiae.github.io/yoko_group11kanji/shops/001.html
2,LUMIERE Tokyo,バー,秋葉原,東京都千代田区秋葉原4-29-4 秋葉原ハイム 5F,秋葉原駅,秋葉原駅から徒歩8分,4200,"3,000～5,000円",標準,コース料理: アラカルト中心（お任せでコースも可能）,あり（2.5時間）,個室あり（2～4名）,25,隠れ家・落ち着いた,女子会・友達と・接待,対応不可（事前相談）,分煙,4.1,3.5,3.4,3.7,438,03-1840-6434,https://juas-aiae.github.io/yoko_group11kanji/shops/002.html
3,喜の,パスタ,中野,東京都中野区中野3-13-17 中野ハイム 5F,中野駅,中野駅から徒歩8分,7100,"5,000～8,000円",やや高,コース料理: アラカルト中心（お任せでコースも可能）,あり（3時間）,個室あり（4～8名）,10,和風・カジュアル・落ち着いた,友達と・女子会,個別対応可（事前申告で対応）,喫煙席あり,3.1,4.6,3.9,3.9,1421,03-6064-4592,https://juas-aiae.github.io/yoko_group11kanji/shops/003.html
4,Ristorante Vino,とんかつ,中野,東京都中野区中野3-35-28 6F,中野駅,中野駅から徒歩4分,9900,"8,000～12,000円",高め,コース料理: 全6品（お通し・串焼き・鍋物・鉄板焼き・ご飯・デザート）,あり（3時間）,個室なし（テーブル席）,2,賑やか,会社の飲み会・宴会・記念日,個別対応可（事前申告で対応）,分煙,4.7,3.8,4.2,4.2,1449,03-3448-8863,https://juas-aiae.github.io/yoko_group11kanji/shops/004.html
5,和・旬,鉄板焼き,五反田,東京都品川区五反田2-37-6 五反田ビル 5F,五反田駅,五反田駅から徒歩6分,7600,"5,000～8,000円",やや高,コース料理: 全9品（前菜3種・海鮮・肉料理・揚物・麺類・ご飯・デザート）,あり（2.5時間）,個室あり（2～4名）,10,和風・静か・カジュアル,子供連れ・宴会・接待,アレルギー対応可（主要8品目対応）,喫煙可,4.6,3.7,4.1,4.1,60,03-7182-3496,https://juas-aiae.github.io/yoko_group11kanji/shops/005.html
6,和・食堂,天ぷら,恵比寿,東京都渋谷区恵比寿2-38-5,恵比寿駅,恵比寿駅から徒歩3分,7600,"5,000～8,000円",やや高,コース料理: おまかせコース（季節食材を使用した全8品）,なし,個室あり（2～4名）,25,高級感・静か・和風,宴会・家族,アレルギー対応可（主要8品目対応）,分煙,4.8,3.6,3.8,4.1,26,03-8249-3969,https://juas-aiae.github.io/yoko_group11kanji/shops/006.html
7,食堂屋,鍋,新宿,東京都新宿区新宿5-23-16 新宿ビル 6F,新宿駅,新宿駅から徒歩6分,16200,"12,000～20,000円",贅沢,コース料理: 全9品（前菜3種・海鮮・肉料理・揚物・麺類・ご飯・デザート）,あり（3時間）,個室なし（カウンター席）,12,和風,子供連れ・接待・家族,アレルギー対応可（主要8品目対応）,禁煙,4.3,4.4,4.6,4.4,924,03-7570-4403,https://juas-aiae.github.io/yoko_group11kanji/shops/007.html
8,レショア,焼き鳥,高円寺,東京都杉並区高円寺3-30-4 高円寺ビル,高円寺駅,高円寺駅から徒歩10分,4400,"3,000～5,000円",標準,コース料理: 全7品（前菜・サラダ・ピザ・パスタ・魚料理・肉料理・デザート）,あり（2.5時間）,個室なし（テーブル席）,150,静か・カジュアル,家族,アレルギー対応可（主要8品目対応）,喫煙席あり,4.8,4.1,3.2,4,1203,03-6561-5958,https://juas-aiae.github.io/yoko_group11kanji/shops/008.html
9,和・小さな,ハンバーグ,門前仲町,東京都江東区門前仲町6-38-20 5F,門前仲町駅,門前仲町駅から徒歩8分,6200,"5,000～8,000円",やや高,コース料理: 単品メニュー中心（コースは要相談）,なし,個室なし（カウンター席）,12,賑やか・隠れ家・静か,宴会,一部品目のみ対応可,分煙,3.4,4.8,3.7,4,445,03-7064-9929,https://juas-aiae.github.io/yoko_group11kanji/shops/009.html
10,レターブル,焼き鳥,浅草,東京都台東区浅草1-32-25 浅草ビル 4F,浅草駅,浅草駅から徒歩8分,6700,"5,000～8,000円",やや高,コース料理: 全8品（前菜・刺身・焼物・煮物・主菜・ご飯・デザート）,あり（3時間）,個室なし（カウンター席）,8,高級感・おしゃれ,デート・子供連れ,一部品目のみ対応可,分煙,3.5,4.6,3.7,3.9,733,03-4837-5703,https://juas-aiae.github.io/yoko_group11kanji/shops/010.html
11,Bistro Fiori,寿司,大手町,東京都千代田区大手町4-34-28 5F,大手町駅,大手町駅から徒歩7分,3000,"3,000～5,000円",標準,コース料理: 全5品（焼肉・サラダ・キムチ・スープ・ご飯）,あり（3時間）,個室あり（4～8名）,150,高級感・カジュアル,接待・会社の飲み会・家族,一部品目のみ対応可,分煙,3.7,4.4,3.3,3.8,1325,03-2681-5900,https://juas-aiae.github.io/yoko_group11kanji/shops/011.html
12,VERDE Dining,パスタ,五反田,東京都品川区五反田1-20-23 五反田ハイム B1,五反田駅,五反田駅から徒歩5分,10800,"8,000～12,000円",高め,コース料理: 前菜～デザートまで全7品のフルコース,あり（3時間）,個室あり（8～20名）,10,おしゃれ,友達と・家族・デート,アレルギー対応可（主要8品目対応）,喫煙可,4.6,4.9,4.6,4.7,900,03-5693-7940,https://juas-aiae.github.io/yoko_group11kanji/shops/012.html
13,乃庵,焼き鳥,銀座,東京都中央区銀座1-24-29 銀座ビル 5F,銀座駅,銀座駅から徒歩9分,6500,"5,000～8,000円",やや高,コース料理: 全7品（前菜・サラダ・ピザ・パスタ・魚料理・肉料理・デザート）,あり（2.5時間）,個室あり（全員分）,8,高級感・和風・落ち着いた,家族・記念日,個別対応可（事前申告で対応）,喫煙可,4.4,4.1,4.6,4.4,395,03-9778-3692,https://juas-aiae.github.io/yoko_group11kanji/shops/013.html
14,LUMIERE,海鮮,五反田,東京都品川区五反田5-9-22 五反田ビル 2F,五反田駅,五反田駅から徒歩3分,2700,"2,000～3,000円",リーズナブル,コース料理: アラカルト中心（お任せでコースも可能）,なし,個室なし（テーブル席）,80,高級感・おしゃれ,友達と・子供連れ・女子会,個別対応可（事前申告で対応）,喫煙可,3.8,3.2,4,3.7,747,03-5013-4179,https://juas-aiae.github.io/yoko_group11kanji/shops/014.html
15,REVE Tokyo,洋食,中目黒,東京都目黒区中目黒5-34-17 中目黒ハイム,中目黒駅,中目黒駅から徒歩5分,11100,"8,000～12,000円",高め,コース料理: アラカルト中心（お任せでコースも可能）,なし,個室あり（2～4名）,150,隠れ家・静か,デート・会社の飲み会・家族,アレルギー対応可（主要8品目対応）,喫煙可,3.2,3.1,3,3.1,465,03-1935-1074,https://juas-aiae.github.io/yoko_group11kanji/shops/015.html
16,月乃,とんかつ,日本橋,東京都中央区日本橋7-29-24 日本橋ハイム,日本橋駅,日本橋駅から徒歩2分,6200,"5,000～8,000円",やや高,コース料理: 全7品（前菜・サラダ・ピザ・パスタ・魚料理・肉料理・デザート）,あり（2.5時間）,個室なし（カウンター席）,100,カジュアル,接待,一部品目のみ対応可,禁煙,3,4.1,4.8,4,862,03-4645-7934,https://juas-aiae.github.io/yoko_group11kanji/shops/016.html
17,咲乃,割烹,吉祥寺,東京都武蔵野市吉祥寺6-22-13 荘,吉祥寺駅,吉祥寺駅から徒歩2分,18600,"12,000～20,000円",贅沢,コース料理: アラカルト中心（お任せでコースも可能）,あり（2時間）,個室あり（8～20名）,40,カジュアル・賑やか・和風,宴会・家族・記念日,対応不可（事前相談）,分煙,3.9,3.3,3.1,3.4,963,03-9373-9524,https://juas-aiae.github.io/yoko_group11kanji/shops/017.html
18,Cafe Luce,ダイニングバー,丸の内,東京都千代田区丸の内8-11-1 丸の内ハイム 4F,丸の内駅,丸の内駅から徒歩5分,10200,"8,000～12,000円",高め,コース料理: 全7品（前菜・サラダ・ピザ・パスタ・魚料理・肉料理・デザート）,あり（2時間）,個室あり（全員分）,150,和風・カジュアル・静か,会社の飲み会・一人で,対応不可（事前相談）,禁煙,4.7,4.4,4.8,4.6,892,03-4253-8381,https://juas-aiae.github.io/yoko_group11kanji/shops/018.html
19,Bistro Cielo,バー,恵比寿,東京都渋谷区恵比寿1-16-2 恵比寿ビル 2F,恵比寿駅,恵比寿駅から徒歩5分,2200,"2,000～3,000円",リーズナブル,コース料理: 全9品（前菜3種・海鮮・肉料理・揚物・麺類・ご飯・デザート）,なし,個室なし（テーブル席）,60,静か・落ち着いた・隠れ家,会社の飲み会,対応不可（事前相談）,喫煙席あり,4.3,4.9,4.8,4.7,561,03-8449-3414,https://juas-aiae.github.io/yoko_group11kanji/shops/019.html
20,和・味彩,焼き鳥,丸の内,東京都千代田区丸の内8-24-1 丸の内ビル 4F,丸の内駅,丸の内駅から徒歩1分,7100,"5,000～8,000円",やや高,コース料理: アラカルト中心（お任せでコースも可能）,あり（2時間）,個室なし（カウンター席）,20,おしゃれ・カジュアル・賑やか,宴会,対応不可（事前相談）,分煙,3.6,3.9,4.2,3.9,67,03-1805-8368,https://juas-aiae.github.io/yoko_group11kanji/shops/020.html
21,喜乃,寿司,吉祥寺,東京都武蔵野市吉祥寺5-38-1 吉祥寺ビル 3F,吉祥寺駅,吉祥寺駅から徒歩6分,11800,"8,000～12,000円",高め,コース料理: 食べ放題コース（前菜・メイン・デザート）,あり（2時間）,個室なし（カウンター席）,6,隠れ家・おしゃれ,子供連れ,対応不可（事前相談）,喫煙席あり,4.3,3.1,4.5,4,1459,03-4869-7972,https://juas-aiae.github.io/yoko_group11kanji/shops/021.html
22,レヴェール,そば,日本橋,東京都中央区日本橋5-24-29 日本橋プラザ 2F,日本橋駅,日本橋駅から徒歩4分,15100,"12,000～20,000円",贅沢,コース料理: 全8品（前菜・刺身・焼物・煮物・主菜・ご飯・デザート）,あり（3時間）,個室なし（テーブル席）,10,カジュアル・隠れ家,女子会・子供連れ,一部品目のみ対応可,禁煙,4,3.4,4.3,3.9,742,03-1028-9402,https://juas-aiae.github.io/yoko_group11kanji/shops/022.html
23,ルヴェール,ビストロ,日本橋,東京都中央区日本橋3-39-7 荘 4F,日本橋駅,日本橋駅から徒歩3分,4500,"3,000～5,000円",標準,コース料理: おまかせコース（季節食材を使用した全8品）,あり（3時間）,半個室あり,10,賑やか・高級感,家族,個別対応可（事前申告で対応）,喫煙席あり,4.4,4.4,4,4.3,416,03-3681-7829,https://juas-aiae.github.io/yoko_group11kanji/shops/023.html
24,小さな居酒屋,ダイニングバー,丸の内,東京都千代田区丸の内8-16-18 丸の内ビル 4F,丸の内駅,丸の内駅から徒歩10分,2100,"2,000～3,000円",リーズナブル,コース料理: 食べ放題コース（前菜・メイン・デザート）,あり（3時間）,個室なし（テーブル席）,80,静か・落ち着いた,記念日・接待・デート,アレルギー対応可（主要8品目対応）,喫煙可,3.6,4.8,3.7,4,160,03-2635-6103,https://juas-aiae.github.io/yoko_group11kanji/shops/024.html
25,Ristorante Rosa,居酒屋,新宿,東京都新宿区新宿7-36-8 新宿ビル,新宿駅,新宿駅から徒歩2分,7300,"5,000～8,000円",やや高,コース料理: 食べ放題コース（前菜・メイン・デザート）,あり（2時間）,個室あり（4～8名）,4,隠れ家・カジュアル・賑やか,子供連れ・会社の飲み会,対応不可（事前相談）,分煙,4.7,3.4,3.5,3.9,773,03-1186-8434,https://juas-aiae.github.io/yoko_group11kanji/shops/025.html
26,ルターブル,天ぷら,神楽坂,東京都新宿区神楽坂6-10-16,神楽坂駅,神楽坂駅から徒歩4分,10400,"8,000～12,000円",高め,コース料理: 全9品（前菜3種・海鮮・肉料理・揚物・麺類・ご飯・デザート）,あり（2時間）,個室あり（4～8名）,20,おしゃれ,友達と・接待,アレルギー対応可（主要8品目対応）,喫煙可,3.8,4.1,4.9,4.3,472,03-8969-8696,https://juas-aiae.github.io/yoko_group11kanji/shops/026.html
27,SALON Dining,ビストロ,上野,東京都台東区上野6-28-22 上野ビル 5F,上野駅,上野駅から徒歩1分,8000,"8,000～12,000円",高め,コース料理: アラカルト中心（お任せでコースも可能）,あり（2.5時間）,個室あり（8～20名）,100,隠れ家・高級感・カジュアル,家族,アレルギー対応可（主要8品目対応）,喫煙席あり,4.6,3.7,4.6,4.3,462,03-7914-6837,https://juas-aiae.github.io/yoko_group11kanji/shops/027.html
28,コターブル,海鮮,恵比寿,東京都渋谷区恵比寿3-9-28 恵比寿ハイム 6F,恵比寿駅,恵比寿駅から徒歩2分,4500,"3,000～5,000円",標準,コース料理: 食べ放題コース（前菜・メイン・デザート）,あり（3時間）,個室なし（テーブル席）,15,隠れ家,友達と・デート・宴会,一部品目のみ対応可,禁煙,4.4,4.2,3,3.9,433,03-4403-6356,https://juas-aiae.github.io/yoko_group11kanji/shops/028.html
29,Bar Vino,鍋,銀座,東京都中央区銀座6-34-24 銀座プラザ 6F,銀座駅,銀座駅から徒歩2分,3600,"3,000～5,000円",標準,コース料理: 単品メニュー中心（コースは要相談）,あり（2.5時間）,個室あり（全員分）,4,賑やか,一人で・女子会・宴会,個別対応可（事前申告で対応）,喫煙席あり,4.7,3.9,4.5,4.4,367,03-7873-5039,https://juas-aiae.github.io/yoko_group11kanji/shops/029.html
30,Bistro Luce,とんかつ,中目黒,東京都目黒区中目黒4-1-23 中目黒ビル 3F,中目黒駅,中目黒駅から徒歩3分,3000,"3,000～5,000円",標準,コース料理: 全8品（前菜・刺身・焼物・煮物・主菜・ご飯・デザート）,なし,個室あり（2～4名）,2,賑やか・高級感・隠れ家,一人で・子供連れ,個別対応可（事前申告で対応）,禁煙,3.1,4.8,4.4,4.1,589,03-3458-3477,https://juas-aiae.github.io/yoko_group11kanji/shops/030.html
31,Osteria Cielo,和食,六本木,東京都港区六本木5-22-4 六本木ビル 2F,六本木駅,六本木駅から徒歩6分,10700,"8,000～12,000円",高め,コース料理: 全5品（焼肉・サラダ・キムチ・スープ・ご飯）,あり（3時間）,個室あり（全員分）,2,静か,記念日・デート,対応不可（事前相談）,喫煙可,4.6,3,3.3,3.6,1375,03-5543-8973,https://juas-aiae.github.io/yoko_group11kanji/shops/031.html
32,炭火蔵,串焼き,新宿,東京都新宿区新宿3-25-8 荘 B1,新宿駅,新宿駅から徒歩5分,16200,"12,000～20,000円",贅沢,コース料理: 全6品（お通し・串焼き・鍋物・鉄板焼き・ご飯・デザート）,あり（2時間）,個室あり（4～8名）,12,隠れ家・和風,記念日・女子会・一人で,対応不可（事前相談）,分煙,4.5,3.7,3.4,3.9,338,03-1017-4033,https://juas-aiae.github.io/yoko_group11kanji/shops/032.html
33,和・和み,パスタ,神楽坂,東京都新宿区神楽坂3-31-15 神楽坂ビル 5F,神楽坂駅,神楽坂駅から徒歩5分,5400,"5,000～8,000円",やや高,コース料理: 全8品（前菜・刺身・焼物・煮物・主菜・ご飯・デザート）,あり（2時間）,個室あり（全員分）,150,賑やか,会社の飲み会・友達と・宴会,アレルギー対応可（主要8品目対応）,禁煙,3.4,4.4,3.6,3.8,1287,03-9720-9883,https://juas-aiae.github.io/yoko_group11kanji/shops/033.html
34,LUMIERE Dining,寿司,門前仲町,東京都江東区門前仲町3-19-17,門前仲町駅,門前仲町駅から徒歩2分,11600,"8,000～12,000円",高め,コース料理: 全6品（お通し・串焼き・鍋物・鉄板焼き・ご飯・デザート）,あり（3時間）,個室あり（4～8名）,30,落ち着いた・高級感・和風,友達と・デート,アレルギー対応可（主要8品目対応）,喫煙可,3.8,3.3,3.3,3.5,770,03-9888-6446,https://juas-aiae.github.io/yoko_group11kanji/shops/034.html
35,Cafe Cielo,割烹,上野,東京都台東区上野8-38-9 上野ビル B1,上野駅,上野駅から徒歩8分,13200,"12,000～20,000円",贅沢,コース料理: 全7品（前菜・サラダ・ピザ・パスタ・魚料理・肉料理・デザート）,あり（2.5時間）,半個室あり,100,隠れ家・静か・おしゃれ,子供連れ・デート,対応不可（事前相談）,喫煙可,3.2,4.3,3.2,3.6,145,03-5396-7047,https://juas-aiae.github.io/yoko_group11kanji/shops/035.html
36,和・俺,寿司,中目黒,東京都目黒区中目黒5-1-5 6F,中目黒駅,中目黒駅から徒歩5分,19800,"12,000～20,000円",贅沢,コース料理: 全7品（前菜・サラダ・ピザ・パスタ・魚料理・肉料理・デザート）,あり（2.5時間）,個室なし（テーブル席）,15,カジュアル・賑やか・おしゃれ,女子会・デート,個別対応可（事前申告で対応）,禁煙,4.1,3.6,3.9,3.9,609,03-7868-8068,https://juas-aiae.github.io/yoko_group11kanji/shops/036.html
37,和・炭火,カフェ,恵比寿,東京都渋谷区恵比寿7-14-9 恵比寿プラザ,恵比寿駅,恵比寿駅から徒歩6分,7300,"5,000～8,000円",やや高,コース料理: おまかせコース（季節食材を使用した全8品）,あり（2.5時間）,個室なし（カウンター席）,40,おしゃれ・和風,友達と,対応不可（事前相談）,分煙,4.4,4.6,4.9,4.6,97,03-3154-3309,https://juas-aiae.github.io/yoko_group11kanji/shops/037.html
38,Bar Cielo,パスタ,神楽坂,東京都新宿区神楽坂4-24-27 神楽坂ビル,神楽坂駅,神楽坂駅から徒歩1分,3700,"3,000～5,000円",標準,コース料理: 食べ放題コース（前菜・メイン・デザート）,あり（2時間）,個室なし（カウンター席）,10,賑やか・おしゃれ,会社の飲み会・一人で・記念日,アレルギー対応可（主要8品目対応）,分煙,3.6,4.5,4.6,4.2,795,03-2593-4404,https://juas-aiae.github.io/yoko_group11kanji/shops/038.html
39,REVE,ビストロ,中野,東京都中野区中野6-33-23 中野ビル 2F,中野駅,中野駅から徒歩5分,16700,"12,000～20,000円",贅沢,コース料理: アラカルト中心（お任せでコースも可能）,あり（2.5時間）,個室あり（2～4名）,30,和風,一人で・宴会・家族,一部品目のみ対応可,喫煙席あり,3.9,4.3,3.7,4,715,03-9377-5145,https://juas-aiae.github.io/yoko_group11kanji/shops/039.html
40,Ristorante Sole,寿司,渋谷,東京都渋谷区渋谷5-31-23 館,渋谷駅,渋谷駅から徒歩2分,3500,"3,000～5,000円",標準,コース料理: 全9品（前菜3種・海鮮・肉料理・揚物・麺類・ご飯・デザート）,あり（2.5時間）,個室あり（2～4名）,150,和風,記念日・宴会・デート,対応不可（事前相談）,分煙,3.7,3.7,3.8,3.7,856,03-9175-9156,https://juas-aiae.github.io/yoko_group11kanji/shops/040.html
41,食堂蔵,バー,品川,東京都港区品川5-40-15 館 3F,品川駅,品川駅から徒歩10分,3800,"3,000～5,000円",標準,コース料理: 全5品（焼肉・サラダ・キムチ・スープ・ご飯）,あり（2.5時間）,個室なし（テーブル席）,15,賑やか・おしゃれ・隠れ家,会社の飲み会,対応不可（事前相談）,喫煙可,4.4,4.3,4.6,4.4,58,03-7347-9674,https://juas-aiae.github.io/yoko_group11kanji/shops/041.html
42,旬ち,ダイニングバー,五反田,東京都品川区五反田1-7-27 B1,五反田駅,五反田駅から徒歩8分,4600,"3,000～5,000円",標準,コース料理: 全9品（前菜3種・海鮮・肉料理・揚物・麺類・ご飯・デザート）,あり（2時間）,個室あり（4～8名）,25,おしゃれ,接待,対応不可（事前相談）,喫煙可,4.3,3.1,4.4,3.9,267,03-5351-5590,https://juas-aiae.github.io/yoko_group11kanji/shops/042.html
43,喜う,イタリアン,神田,東京都千代田区神田8-5-7 館,神田駅,神田駅から徒歩1分,2100,"2,000～3,000円",リーズナブル,コース料理: 前菜～デザートまで全7品のフルコース,あり（3時間）,個室あり（4～8名）,6,高級感,記念日,対応不可（事前相談）,分煙,4.5,4.2,3.9,4.2,356,03-9509-1055,https://juas-aiae.github.io/yoko_group11kanji/shops/043.html
44,炭火料理,海鮮,大手町,東京都千代田区大手町1-10-11 B1,大手町駅,大手町駅から徒歩1分,10200,"8,000～12,000円",高め,コース料理: 全7品（前菜・サラダ・ピザ・パスタ・魚料理・肉料理・デザート）,なし,個室あり（8～20名）,15,隠れ家・カジュアル・静か,接待・家族・友達と,アレルギー対応可（主要8品目対応）,喫煙席あり,4.8,4.1,4,4.3,1074,03-7516-9891,https://juas-aiae.github.io/yoko_group11kanji/shops/044.html
45,和・七,ビストロ,丸の内,東京都千代田区丸の内2-22-6 丸の内ビル 2F,丸の内駅,丸の内駅から徒歩9分,8500,"8,000～12,000円",高め,コース料理: 全7品（前菜・サラダ・ピザ・パスタ・魚料理・肉料理・デザート）,あり（3時間）,半個室あり,12,賑やか,家族・宴会,アレルギー対応可（主要8品目対応）,分煙,3.5,4.5,3.8,3.9,212,03-7581-3300,https://juas-aiae.github.io/yoko_group11kanji/shops/045.html
46,ヴィヴェール,鉄板焼き,吉祥寺,東京都武蔵野市吉祥寺1-19-4 吉祥寺ビル 3F,吉祥寺駅,吉祥寺駅から徒歩9分,15900,"12,000～20,000円",贅沢,コース料理: 全8品（前菜・刺身・焼物・煮物・主菜・ご飯・デザート）,あり（3時間）,個室あり（2～4名）,150,和風・おしゃれ,家族・宴会,一部品目のみ対応可,喫煙席あり,3.6,4.4,3.6,3.9,590,03-8658-9746,https://juas-aiae.github.io/yoko_group11kanji/shops/046.html
47,ヴィターブル,フレンチ,秋葉原,東京都千代田区秋葉原3-29-22 館,秋葉原駅,秋葉原駅から徒歩5分,4000,"3,000～5,000円",標準,コース料理: 全9品（前菜3種・海鮮・肉料理・揚物・麺類・ご飯・デザート）,あり（2時間）,個室なし（テーブル席）,20,カジュアル・高級感,宴会,個別対応可（事前申告で対応）,喫煙席あり,3.1,3.4,3.9,3.5,933,03-6889-2159,https://juas-aiae.github.io/yoko_group11kanji/shops/047.html
48,彩亭,そば,赤坂,東京都港区赤坂3-25-1 赤坂ビル B1,赤坂駅,赤坂駅から徒歩10分,11000,"8,000～12,000円",高め,コース料理: 全8品（前菜・刺身・焼物・煮物・主菜・ご飯・デザート）,あり（3時間）,個室あり（2～4名）,100,高級感,子供連れ・一人で,一部品目のみ対応可,分煙,3.2,4.3,3.9,3.8,1229,03-8947-4593,https://juas-aiae.github.io/yoko_group11kanji/shops/048.html
49,ルエール,うなぎ,大手町,東京都千代田区大手町7-5-15 大手町ビル 5F,大手町駅,大手町駅から徒歩3分,13000,"12,000～20,000円",贅沢,コース料理: 前菜～デザートまで全7品のフルコース,あり（2時間）,個室あり（8～20名）,30,賑やか,デート・会社の飲み会,一部品目のみ対応可,禁煙,3.3,3.1,3.5,3.3,1089,03-9113-7148,https://juas-aiae.github.io/yoko_group11kanji/shops/049.html
50,Bar Fiori,和食,五反田,東京都品川区五反田1-20-29 館 B1,五反田駅,五反田駅から徒歩2分,10500,"8,000～12,000円",高め,コース料理: 全5品（焼肉・サラダ・キムチ・スープ・ご飯）,なし,個室あり（全員分）,2,おしゃれ,接待・友達と,対応不可（事前相談）,喫煙可,4.2,4.7,4.5,4.5,25,03-7384-4053,https://juas-aiae.github.io/yoko_group11kanji/shops/050.html
51,Bistro Sole,ビストロ,秋葉原,東京都千代田区秋葉原1-35-4 秋葉原プラザ 4F,秋葉原駅,秋葉原駅から徒歩5分,7000,"5,000～8,000円",やや高,コース料理: 前菜～デザートまで全7品のフルコース,あり（2.5時間）,半個室あり,150,高級感・カジュアル・和風,会社の飲み会・デート,個別対応可（事前申告で対応）,禁煙,3.7,3.9,4.2,3.9,1268,03-5337-3156,https://juas-aiae.github.io/yoko_group11kanji/shops/051.html
52,和・極,和食,新宿,東京都新宿区新宿7-7-6 新宿ビル 3F,新宿駅,新宿駅から徒歩3分,5600,"5,000～8,000円",やや高,コース料理: 全9品（前菜3種・海鮮・肉料理・揚物・麺類・ご飯・デザート）,あり（3時間）,個室あり（全員分）,40,賑やか・おしゃれ,デート,個別対応可（事前申告で対応）,喫煙席あり,3.4,3.5,3.1,3.3,739,03-2961-9618,https://juas-aiae.github.io/yoko_group11kanji/shops/052.html
53,Trattoria Salute,洋食,大手町,東京都千代田区大手町8-7-25,大手町駅,大手町駅から徒歩10分,9900,"8,000～12,000円",高め,コース料理: アラカルト中心（お任せでコースも可能）,あり（2.5時間）,半個室あり,12,賑やか,接待・宴会・女子会,一部品目のみ対応可,分煙,3.1,4.2,3.2,3.5,269,03-3297-2845,https://juas-aiae.github.io/yoko_group11kanji/shops/053.html
54,Cafe Salute,串焼き,秋葉原,東京都千代田区秋葉原1-4-17 秋葉原プラザ 3F,秋葉原駅,秋葉原駅から徒歩3分,5800,"5,000～8,000円",やや高,コース料理: 全7品（前菜・サラダ・ピザ・パスタ・魚料理・肉料理・デザート）,なし,個室あり（4～8名）,2,静か・カジュアル,一人で,一部品目のみ対応可,分煙,3.3,4.7,4.7,4.2,1005,03-1183-7884,https://juas-aiae.github.io/yoko_group11kanji/shops/054.html
55,VERDE Tokyo,天ぷら,秋葉原,東京都千代田区秋葉原1-19-16 秋葉原ビル,秋葉原駅,秋葉原駅から徒歩2分,3200,"3,000～5,000円",標準,コース料理: 単品メニュー中心（コースは要相談）,あり（3時間）,個室なし（テーブル席）,100,カジュアル,接待,対応不可（事前相談）,禁煙,4.6,3.9,4.8,4.4,823,03-5899-2046,https://juas-aiae.github.io/yoko_group11kanji/shops/055.html
56,Ristorante Fiori,焼肉,日本橋,東京都中央区日本橋1-18-24 日本橋プラザ B1,日本橋駅,日本橋駅から徒歩9分,18900,"12,000～20,000円",贅沢,コース料理: 食べ放題コース（前菜・メイン・デザート）,あり（2時間）,個室なし（カウンター席）,10,和風・カジュアル・隠れ家,子供連れ・友達と・宴会,対応不可（事前相談）,喫煙可,4.8,3.4,3.6,3.9,1194,03-3587-5950,https://juas-aiae.github.io/yoko_group11kanji/shops/056.html
57,VERDE,カフェ,上野,東京都台東区上野7-7-30 上野ビル B1,上野駅,上野駅から徒歩3分,13400,"12,000～20,000円",贅沢,コース料理: 全8品（前菜・刺身・焼物・煮物・主菜・ご飯・デザート）,なし,個室あり（2～4名）,4,隠れ家・静か・和風,宴会・会社の飲み会,個別対応可（事前申告で対応）,分煙,4.3,3.9,3.5,3.9,624,03-7878-4125,https://juas-aiae.github.io/yoko_group11kanji/shops/057.html
58,MARINA Dining,寿司,上野,東京都台東区上野1-28-4 荘 5F,上野駅,上野駅から徒歩3分,11300,"8,000～12,000円",高め,コース料理: 前菜～デザートまで全7品のフルコース,あり（3時間）,個室あり（2～4名）,25,賑やか・和風・カジュアル,女子会・宴会,アレルギー対応可（主要8品目対応）,分煙,3.8,4.8,3.3,4,1352,03-6324-7711,https://juas-aiae.github.io/yoko_group11kanji/shops/058.html
59,MARINA Tokyo,焼き鳥,赤坂,東京都港区赤坂6-37-15 赤坂ビル 3F,赤坂駅,赤坂駅から徒歩1分,5400,"5,000～8,000円",やや高,コース料理: 全6品（お通し・串焼き・鍋物・鉄板焼き・ご飯・デザート）,あり（2.5時間）,半個室あり,60,和風・賑やか・隠れ家,家族・会社の飲み会,アレルギー対応可（主要8品目対応）,喫煙席あり,3.9,4.5,4.9,4.4,1429,03-6714-2180,https://juas-aiae.github.io/yoko_group11kanji/shops/059.html
60,味乃,ビストロ,秋葉原,東京都千代田区秋葉原5-11-1 秋葉原ビル,秋葉原駅,秋葉原駅から徒歩1分,2900,"2,000～3,000円",リーズナブル,コース料理: おまかせコース（季節食材を使用した全8品）,あり（2.5時間）,個室あり（全員分）,30,隠れ家,女子会・会社の飲み会,一部品目のみ対応可,喫煙可,3.7,3.1,3.8,3.5,1491,03-2780-3259,https://juas-aiae.github.io/yoko_group11kanji/shops/060.html
61,咲ち,鉄板焼き,秋葉原,東京都千代田区秋葉原3-3-27 5F,秋葉原駅,秋葉原駅から徒歩6分,6900,"5,000～8,000円",やや高,コース料理: 全9品（前菜3種・海鮮・肉料理・揚物・麺類・ご飯・デザート）,なし,個室あり（全員分）,15,カジュアル,会社の飲み会・デート・子供連れ,対応不可（事前相談）,喫煙可,3.9,4.1,4.5,4.2,826,03-2664-3900,https://juas-aiae.github.io/yoko_group11kanji/shops/061.html
62,コエール,鍋,新宿,東京都新宿区新宿5-18-18 新宿ハイム 3F,新宿駅,新宿駅から徒歩8分,13500,"12,000～20,000円",贅沢,コース料理: 全7品（前菜・サラダ・ピザ・パスタ・魚料理・肉料理・デザート）,あり（3時間）,個室なし（カウンター席）,50,隠れ家・おしゃれ・和風,女子会,アレルギー対応可（主要8品目対応）,喫煙席あり,3.6,4.2,3.9,3.9,793,03-8701-7550,https://juas-aiae.github.io/yoko_group11kanji/shops/062.html
63,匠屋,寿司,代官山,東京都渋谷区代官山6-4-25 代官山ビル 2F,代官山駅,代官山駅から徒歩5分,19400,"12,000～20,000円",贅沢,コース料理: 全9品（前菜3種・海鮮・肉料理・揚物・麺類・ご飯・デザート）,あり（2時間）,個室なし（テーブル席）,30,賑やか・落ち着いた,友達と・接待・会社の飲み会,対応不可（事前相談）,喫煙席あり,4.1,3.7,4.7,4.2,561,03-8506-8821,https://juas-aiae.github.io/yoko_group11kanji/shops/063.html
64,彩あ,ハンバーグ,秋葉原,東京都千代田区秋葉原7-37-19 秋葉原ビル 2F,秋葉原駅,秋葉原駅から徒歩3分,5400,"5,000～8,000円",やや高,コース料理: 食べ放題コース（前菜・メイン・デザート）,なし,個室あり（2～4名）,40,落ち着いた・賑やか・高級感,デート,アレルギー対応可（主要8品目対応）,禁煙,4,4.5,3.7,4.1,993,03-7906-5634,https://juas-aiae.github.io/yoko_group11kanji/shops/064.html
65,月よ,串焼き,池袋,東京都豊島区池袋2-20-24 2F,池袋駅,池袋駅から徒歩9分,3800,"3,000～5,000円",標準,コース料理: 全9品（前菜3種・海鮮・肉料理・揚物・麺類・ご飯・デザート）,あり（2.5時間）,個室あり（8～20名）,6,隠れ家,会社の飲み会・一人で,対応不可（事前相談）,喫煙可,4.5,3,4.9,4.1,381,03-7810-6978,https://juas-aiae.github.io/yoko_group11kanji/shops/065.html
66,旬酒処,焼き鳥,浅草,東京都台東区浅草2-35-4 荘 B1,浅草駅,浅草駅から徒歩3分,2700,"2,000～3,000円",リーズナブル,コース料理: 食べ放題コース（前菜・メイン・デザート）,あり（2時間）,半個室あり,60,高級感・おしゃれ・落ち着いた,宴会,対応不可（事前相談）,喫煙席あり,3.9,3.5,3.1,3.5,70,03-8351-1523,https://juas-aiae.github.io/yoko_group11kanji/shops/066.html
67,ルショア,海鮮,中目黒,東京都目黒区中目黒4-35-13 中目黒プラザ,中目黒駅,中目黒駅から徒歩7分,7200,"5,000～8,000円",やや高,コース料理: 全7品（前菜・サラダ・ピザ・パスタ・魚料理・肉料理・デザート）,なし,個室あり（4～8名）,15,落ち着いた・高級感,デート・宴会,対応不可（事前相談）,喫煙席あり,4.8,3.2,4.6,4.2,1343,03-5534-5200,https://juas-aiae.github.io/yoko_group11kanji/shops/067.html
68,富よ,バー,上野,東京都台東区上野5-6-20 上野ビル B1,上野駅,上野駅から徒歩5分,6900,"5,000～8,000円",やや高,コース料理: 単品メニュー中心（コースは要相談）,あり（2.5時間）,個室なし（カウンター席）,8,おしゃれ・和風,家族・記念日,アレルギー対応可（主要8品目対応）,禁煙,3.8,4.3,4.2,4.1,1404,03-1718-2472,https://juas-aiae.github.io/yoko_group11kanji/shops/068.html
69,ラターブル,鉄板焼き,銀座,東京都中央区銀座4-3-1 銀座ビル,銀座駅,銀座駅から徒歩10分,6500,"5,000～8,000円",やや高,コース料理: 全7品（前菜・サラダ・ピザ・パスタ・魚料理・肉料理・デザート）,あり（2.5時間）,個室あり（8～20名）,40,隠れ家,友達と・女子会,個別対応可（事前申告で対応）,禁煙,4.4,3.4,4.3,4,76,03-5015-5800,https://juas-aiae.github.io/yoko_group11kanji/shops/069.html
70,ごちそう家,カフェ,六本木,東京都港区六本木2-5-1 5F,六本木駅,六本木駅から徒歩1分,5300,"5,000～8,000円",やや高,コース料理: 全8品（前菜・刺身・焼物・煮物・主菜・ご飯・デザート）,あり（2.5時間）,個室なし（テーブル席）,20,高級感・静か,女子会・家族・友達と,対応不可（事前相談）,禁煙,3.4,3.1,3.6,3.4,1070,03-8859-8309,https://juas-aiae.github.io/yoko_group11kanji/shops/070.html
71,咲よ,しゃぶしゃぶ,神楽坂,東京都新宿区神楽坂1-2-28 館 6F,神楽坂駅,神楽坂駅から徒歩9分,9800,"8,000～12,000円",高め,コース料理: 全9品（前菜3種・海鮮・肉料理・揚物・麺類・ご飯・デザート）,あり（2.5時間）,個室あり（全員分）,50,隠れ家・静か,友達と・宴会・女子会,一部品目のみ対応可,禁煙,4.6,3.3,3.3,3.7,513,03-6520-4209,https://juas-aiae.github.io/yoko_group11kanji/shops/071.html
72,Trattoria Amore,焼肉,代官山,東京都渋谷区代官山7-27-16 2F,代官山駅,代官山駅から徒歩9分,8500,"8,000～12,000円",高め,コース料理: 単品メニュー中心（コースは要相談）,あり（3時間）,半個室あり,15,隠れ家・おしゃれ,記念日,対応不可（事前相談）,分煙,4.6,3.4,4.2,4.1,664,03-4235-5488,https://juas-aiae.github.io/yoko_group11kanji/shops/072.html
73,彩の,そば,赤坂,東京都港区赤坂2-22-23 5F,赤坂駅,赤坂駅から徒歩10分,7600,"5,000～8,000円",やや高,コース料理: 食べ放題コース（前菜・メイン・デザート）,あり（2時間）,半個室あり,80,高級感・賑やか・おしゃれ,記念日・家族・接待,一部品目のみ対応可,禁煙,4.8,3.7,4.7,4.4,1166,03-1392-1521,https://juas-aiae.github.io/yoko_group11kanji/shops/073.html
74,旬居酒屋,イタリアン,赤坂,東京都港区赤坂2-14-30 赤坂ビル 5F,赤坂駅,赤坂駅から徒歩7分,2700,"2,000～3,000円",リーズナブル,コース料理: アラカルト中心（お任せでコースも可能）,なし,個室あり（全員分）,25,落ち着いた・おしゃれ・高級感,女子会,個別対応可（事前申告で対応）,喫煙席あり,3,4.8,4.8,4.2,214,03-2451-5737,https://juas-aiae.github.io/yoko_group11kanji/shops/074.html
75,Osteria Amore,しゃぶしゃぶ,神田,東京都千代田区神田4-22-27 荘 2F,神田駅,神田駅から徒歩6分,2400,"2,000～3,000円",リーズナブル,コース料理: おまかせコース（季節食材を使用した全8品）,あり（3時間）,個室なし（テーブル席）,10,カジュアル,記念日,アレルギー対応可（主要8品目対応）,喫煙席あり,4.8,3.2,3,3.7,1048,03-3165-4881,https://juas-aiae.github.io/yoko_group11kanji/shops/075.html
76,Ristorante Amore,そば,代官山,東京都渋谷区代官山1-28-19 代官山ハイム 2F,代官山駅,代官山駅から徒歩6分,10900,"8,000～12,000円",高め,コース料理: 全7品（前菜・サラダ・ピザ・パスタ・魚料理・肉料理・デザート）,あり（2.5時間）,個室あり（全員分）,30,隠れ家,子供連れ・宴会・一人で,一部品目のみ対応可,禁煙,4.3,3.3,3.6,3.7,729,03-6596-2501,https://juas-aiae.github.io/yoko_group11kanji/shops/076.html
77,炭火膳,寿司,門前仲町,東京都江東区門前仲町5-25-6 門前仲町プラザ 6F,門前仲町駅,門前仲町駅から徒歩5分,2800,"2,000～3,000円",リーズナブル,コース料理: 全5品（焼肉・サラダ・キムチ・スープ・ご飯）,あり（2時間）,半個室あり,2,賑やか・おしゃれ・隠れ家,子供連れ・会社の飲み会,個別対応可（事前申告で対応）,喫煙可,4.8,3.3,4.6,4.2,297,03-5701-3016,https://juas-aiae.github.io/yoko_group11kanji/shops/077.html
78,咲の,そば,上野,東京都台東区上野4-1-29 5F,上野駅,上野駅から徒歩2分,2800,"2,000～3,000円",リーズナブル,コース料理: 全6品（お通し・串焼き・鍋物・鉄板焼き・ご飯・デザート）,あり（3時間）,個室あり（全員分）,30,静か,デート,一部品目のみ対応可,喫煙可,3.3,4.2,3.7,3.7,305,03-4420-6283,https://juas-aiae.github.io/yoko_group11kanji/shops/078.html
79,REVE Dining,鍋,吉祥寺,東京都武蔵野市吉祥寺4-35-22 吉祥寺ビル 6F,吉祥寺駅,吉祥寺駅から徒歩8分,9200,"8,000～12,000円",高め,コース料理: 全6品（お通し・串焼き・鍋物・鉄板焼き・ご飯・デザート）,あり（2時間）,個室あり（全員分）,15,カジュアル,記念日・会社の飲み会・宴会,アレルギー対応可（主要8品目対応）,禁煙,3.4,4.2,4.2,3.9,126,03-3599-3179,https://juas-aiae.github.io/yoko_group11kanji/shops/079.html
80,月の,ハンバーグ,神楽坂,東京都新宿区神楽坂5-37-8,神楽坂駅,神楽坂駅から徒歩7分,4200,"3,000～5,000円",標準,コース料理: 全6品（お通し・串焼き・鍋物・鉄板焼き・ご飯・デザート）,あり（2.5時間）,個室なし（カウンター席）,80,隠れ家,子供連れ・接待・デート,個別対応可（事前申告で対応）,分煙,4.6,3.6,3.9,4,832,03-2594-1346,https://juas-aiae.github.io/yoko_group11kanji/shops/080.html
81,SALON Tokyo,ハンバーグ,銀座,東京都中央区銀座2-24-20 銀座プラザ,銀座駅,銀座駅から徒歩7分,5700,"5,000～8,000円",やや高,コース料理: 全5品（焼肉・サラダ・キムチ・スープ・ご飯）,あり（2時間）,個室あり（2～4名）,100,隠れ家,接待・一人で・子供連れ,一部品目のみ対応可,喫煙可,3.3,3.7,3.5,3.5,485,03-9539-8647,https://juas-aiae.github.io/yoko_group11kanji/shops/081.html
82,七膳,和食,中野,東京都中野区中野3-28-17 館,中野駅,中野駅から徒歩5分,3700,"3,000～5,000円",標準,コース料理: 食べ放題コース（前菜・メイン・デザート）,あり（2.5時間）,個室なし（テーブル席）,6,落ち着いた・おしゃれ,家族,一部品目のみ対応可,分煙,3.3,4.9,3.4,3.9,585,03-6453-5066,https://juas-aiae.github.io/yoko_group11kanji/shops/082.html
83,Bistro Amore,フレンチ,五反田,東京都品川区五反田1-23-27 五反田ビル 6F,五反田駅,五反田駅から徒歩8分,11400,"8,000～12,000円",高め,コース料理: 全9品（前菜3種・海鮮・肉料理・揚物・麺類・ご飯・デザート）,あり（2時間）,個室なし（カウンター席）,25,和風・隠れ家,接待・友達と,一部品目のみ対応可,禁煙,4.4,3.4,4.7,4.2,144,03-5824-3017,https://juas-aiae.github.io/yoko_group11kanji/shops/083.html
84,味よ,中華,池袋,東京都豊島区池袋7-2-10 池袋ハイム 4F,池袋駅,池袋駅から徒歩8分,3400,"3,000～5,000円",標準,コース料理: 全5品（焼肉・サラダ・キムチ・スープ・ご飯）,あり（2時間）,個室なし（テーブル席）,40,カジュアル,会社の飲み会・家族・宴会,アレルギー対応可（主要8品目対応）,喫煙可,4,3.6,4.9,4.2,524,03-1386-3069,https://juas-aiae.github.io/yoko_group11kanji/shops/084.html
85,Trattoria Vino,鍋,六本木,東京都港区六本木1-2-21 六本木ハイム,六本木駅,六本木駅から徒歩4分,4700,"3,000～5,000円",標準,コース料理: 全9品（前菜3種・海鮮・肉料理・揚物・麺類・ご飯・デザート）,なし,個室あり（8～20名）,12,おしゃれ,一人で,個別対応可（事前申告で対応）,禁煙,4.7,4.7,4.1,4.5,70,03-3060-4669,https://juas-aiae.github.io/yoko_group11kanji/shops/085.html
86,月う,天ぷら,門前仲町,東京都江東区門前仲町2-18-19 門前仲町プラザ,門前仲町駅,門前仲町駅から徒歩8分,2900,"2,000～3,000円",リーズナブル,コース料理: 全9品（前菜3種・海鮮・肉料理・揚物・麺類・ご飯・デザート）,あり（3時間）,個室なし（テーブル席）,150,カジュアル,記念日・子供連れ,個別対応可（事前申告で対応）,喫煙可,3.4,4.7,4,4,1113,03-8283-9414,https://juas-aiae.github.io/yoko_group11kanji/shops/086.html
87,ラヴェール,カフェ,品川,東京都港区品川7-40-27 品川ハイム,品川駅,品川駅から徒歩8分,9900,"8,000～12,000円",高め,コース料理: 食べ放題コース（前菜・メイン・デザート）,なし,個室あり（全員分）,30,和風,会社の飲み会・友達と,一部品目のみ対応可,喫煙席あり,4.8,3,4,3.9,1103,03-8908-6870,https://juas-aiae.github.io/yoko_group11kanji/shops/087.html
88,味う,天ぷら,目黒,東京都品川区目黒8-9-28 目黒プラザ 3F,目黒駅,目黒駅から徒歩5分,11500,"8,000～12,000円",高め,コース料理: 前菜～デザートまで全7品のフルコース,あり（3時間）,個室なし（カウンター席）,10,おしゃれ・和風,デート・記念日・宴会,対応不可（事前相談）,喫煙可,3.8,4.9,4.4,4.4,1232,03-4890-3332,https://juas-aiae.github.io/yoko_group11kanji/shops/088.html
89,小さな酒処,バー,丸の内,東京都千代田区丸の内8-2-6 丸の内ハイム B1,丸の内駅,丸の内駅から徒歩1分,14800,"12,000～20,000円",贅沢,コース料理: 全9品（前菜3種・海鮮・肉料理・揚物・麺類・ご飯・デザート）,あり（3時間）,個室なし（カウンター席）,40,隠れ家,子供連れ・記念日,一部品目のみ対応可,禁煙,3,3.1,4,3.4,724,03-8948-2959,https://juas-aiae.github.io/yoko_group11kanji/shops/089.html
90,ラエール,洋食,秋葉原,東京都千代田区秋葉原4-38-29 荘,秋葉原駅,秋葉原駅から徒歩6分,7900,"5,000～8,000円",やや高,コース料理: 前菜～デザートまで全7品のフルコース,なし,個室あり（4～8名）,20,隠れ家・カジュアル・和風,女子会・デート・宴会,アレルギー対応可（主要8品目対応）,喫煙可,4.5,4.6,3.1,4.1,192,03-4978-1513,https://juas-aiae.github.io/yoko_group11kanji/shops/090.html
91,匠う,鍋,赤坂,東京都港区赤坂2-33-22 館 4F,赤坂駅,赤坂駅から徒歩1分,5100,"5,000～8,000円",やや高,コース料理: 全9品（前菜3種・海鮮・肉料理・揚物・麺類・ご飯・デザート）,なし,個室あり（全員分）,60,おしゃれ・カジュアル・静か,接待・友達と・記念日,一部品目のみ対応可,禁煙,3.9,4.6,4.7,4.4,258,03-2748-5898,https://juas-aiae.github.io/yoko_group11kanji/shops/091.html
92,和・大和,鍋,品川,東京都港区品川8-21-16 品川プラザ B1,品川駅,品川駅から徒歩3分,3500,"3,000～5,000円",標準,コース料理: 全8品（前菜・刺身・焼物・煮物・主菜・ご飯・デザート）,あり（3時間）,個室あり（全員分）,8,おしゃれ・高級感・カジュアル,記念日・会社の飲み会,一部品目のみ対応可,喫煙可,3.2,3,4.1,3.4,605,03-8224-1609,https://juas-aiae.github.io/yoko_group11kanji/shops/092.html
93,Bar Salute,鉄板焼き,五反田,東京都品川区五反田5-32-26 4F,五反田駅,五反田駅から徒歩10分,3100,"3,000～5,000円",標準,コース料理: 食べ放題コース（前菜・メイン・デザート）,なし,個室なし（カウンター席）,60,賑やか・カジュアル,一人で・友達と,アレルギー対応可（主要8品目対応）,喫煙席あり,4.7,3.7,3.6,4,1146,03-2866-3816,https://juas-aiae.github.io/yoko_group11kanji/shops/093.html
94,Bar Amore,洋食,渋谷,東京都渋谷区渋谷8-28-4 館 5F,渋谷駅,渋谷駅から徒歩7分,11600,"8,000～12,000円",高め,コース料理: おまかせコース（季節食材を使用した全8品）,あり（2時間）,半個室あり,8,隠れ家・落ち着いた・賑やか,デート,アレルギー対応可（主要8品目対応）,喫煙席あり,3.8,3.6,4.6,4,721,03-3977-2338,https://juas-aiae.github.io/yoko_group11kanji/shops/094.html
95,ヴィエール,中華,丸の内,東京都千代田区丸の内3-4-3 丸の内ビル,丸の内駅,丸の内駅から徒歩10分,5600,"5,000～8,000円",やや高,コース料理: 単品メニュー中心（コースは要相談）,あり（2時間）,個室なし（テーブル席）,20,カジュアル・高級感・静か,接待・会社の飲み会,個別対応可（事前申告で対応）,喫煙可,3.7,4.7,4.6,4.3,517,03-7761-2820,https://juas-aiae.github.io/yoko_group11kanji/shops/095.html
96,コショア,焼肉,神楽坂,東京都新宿区神楽坂3-5-18 神楽坂ビル 3F,神楽坂駅,神楽坂駅から徒歩7分,17700,"12,000～20,000円",贅沢,コース料理: 食べ放題コース（前菜・メイン・デザート）,あり（2時間）,個室あり（4～8名）,10,隠れ家・賑やか・落ち着いた,女子会,アレルギー対応可（主要8品目対応）,禁煙,4.7,3.8,3.5,4,1353,03-4154-5768,https://juas-aiae.github.io/yoko_group11kanji/shops/096.html
97,Osteria Sole,カフェ,代官山,東京都渋谷区代官山7-8-20 5F,代官山駅,代官山駅から徒歩9分,10800,"8,000～12,000円",高め,コース料理: 単品メニュー中心（コースは要相談）,あり（3時間）,個室あり（8～20名）,60,カジュアル・賑やか,宴会,個別対応可（事前申告で対応）,喫煙可,4.2,3.2,4.7,4,571,03-4067-2752,https://juas-aiae.github.io/yoko_group11kanji/shops/097.html
98,Trattoria Sole,鉄板焼き,上野,東京都台東区上野7-19-5 荘 4F,上野駅,上野駅から徒歩6分,6700,"5,000～8,000円",やや高,コース料理: 全9品（前菜3種・海鮮・肉料理・揚物・麺類・ご飯・デザート）,あり（2.5時間）,個室あり（4～8名）,8,隠れ家・高級感,家族,アレルギー対応可（主要8品目対応）,分煙,3.8,4.3,3.1,3.7,1273,03-2950-5665,https://juas-aiae.github.io/yoko_group11kanji/shops/098.html
99,広がり亭,割烹,中野,東京都中野区中野5-33-8 中野プラザ B1,中野駅,中野駅から徒歩8分,2000,"2,000～3,000円",リーズナブル,コース料理: 食べ放題コース（前菜・メイン・デザート）,あり（3時間）,個室あり（全員分）,30,落ち着いた・隠れ家,女子会・子供連れ・家族,対応不可（事前相談）,禁煙,4.4,3.6,3.9,4,645,03-2611-6581,https://juas-aiae.github.io/yoko_group11kanji/shops/099.html
100,ごちそう屋,中華,新宿,東京都新宿区新宿6-35-29 新宿ビル 5F,新宿駅,新宿駅から徒歩8分,4800,"3,000～5,000円",標準,コース料理: 全7品（前菜・サラダ・ピザ・パスタ・魚料理・肉料理・デザート）,なし,個室あり（4～8名）,100,和風,友達と,アレルギー対応可（主要8品目対応）,喫煙席あり,3.2,3.8,4.7,3.9,1320,03-9442-6342,https://juas-aiae.github.io/yoko_group11kanji/shops/100.html
